baseMean	log2FoldChange	lfcSE	stat	pvalue	padj	gene
301889.1899361528	2.7743657017155425	0.09679932018715884	28.661003985889387	1.1690594328362245e-180	5.225695664777924e-178	ENSG00000100150
66305.85572978779	3.1752127339194343	0.11460463389064636	27.705797105457044	5.945011941851796e-169	1.3287101690038764e-166	ENSG00000099991
32104.853799437333	2.8386507847679923	0.10664095464352281	26.6187675668975	4.1167617826566544e-156	6.133975056158414e-154	ENSG00000159496
27513.732256416202	3.24494685742155	0.1435352144972778	22.607322313111474	3.671469909621778e-113	4.102867624002337e-111	ENSG00000100100
22072.815122107968	2.896869077603834	0.13035711450978907	22.222562140145378	2.0786671061028189e-109	1.8583283928559202e-107	ENSG00000099901
69917.97834243401	3.0016036457776982	0.14037141617638596	21.38329673903115	1.9113848944507038e-101	1.4239817463657743e-99	ENSG00000099949
20613.206364416787	3.3779426165402646	0.15884121355668546	21.266159713233257	2.33643749728543e-100	1.4919822304094103e-98	ENSG00000239282
52766.36756555525	2.8202348389941263	0.13300008476385788	21.204759711254795	8.631025338810655e-100	4.8225854080604536e-98	ENSG00000100095
7781.093732705374	2.715253267129379	0.1871446846059992	14.508845243699419	1.0649832567214818e-47	5.289416841716693e-46	ENSG00000100209
1944.266257071559	3.66894948859319	0.3255127499830953	11.271292718284391	1.8187970779262594e-29	8.13002293833038e-28	ENSG00000130538
5861.823381333454	-1.063184781413176	0.13925873385445298	-7.634600372888421	2.265219537822833e-14	9.20502848551642e-13	ENSG00000186654
3620.8797774791074	-1.246241810432215	0.1877742825196543	-6.63691424464248	3.203178738015908e-11	1.1931840799109257e-9	ENSG00000100055
5020.071075679891	-1.0176330975330514	0.15922758659308492	-6.391060238410008	1.6473946263368777e-10	5.664503061327572e-9	ENSG00000100359
2616.605715914682	-1.1963901881647883	0.18985875308866645	-6.301475010773187	2.9482632150751707e-10	9.413383265275723e-9	ENSG00000128335
7745.010906138174	-0.8401705880184149	0.1454393721222438	-5.776775406540121	7.614581856855458e-9	2.2691453933429266e-7	ENSG00000100336
4150.096745174089	-0.9678707836515335	0.18770453810149734	-5.156352603090381	2.5180652578207073e-7	7.034844814036601e-6	ENSG00000100281
3481.362537506855	-0.9299986887625169	0.2000662666910574	-4.648453255733622	3.344333883262432e-6	8.793630857754747e-5	ENSG00000100347
1705.1044403723315	1.0226374610567228	0.2269911903012542	4.505185684517169	6.631492951877218e-6	1.6468207497161757e-4	ENSG00000161180
7594.545844553876	-0.6098854203897761	0.14024203745552757	-4.348806045998712	1.3688070027958587e-5	3.220298580261836e-4	ENSG00000128284
3395.1579220257427	-0.9744399733452137	0.22532692186093664	-4.324560799470743	1.5283604930036956e-5	3.41588570186326e-4	ENSG00000100124
4442.650016103087	-0.7647304978723005	0.18903557548076627	-4.045431638607671	5.2226804965714654e-5	0.0011116848485559262	ENSG00000100342
3651.8721050974164	-0.9159556156313505	0.24449116608934654	-3.7463750951910666	1.7940826937388413e-4	0.0036452498368239185	ENSG00000241484
1201.0625276980336	-1.082778427351869	0.3406749308852836	-3.178333153361601	0.0014812444253303348	0.028787663396637377	ENSG00000100314
3310.93081657181	-0.8244390868171674	0.266496522246869	-3.0936204340162026	0.0019773028085229853	0.0368272648087406	ENSG00000159307
1753.6166351549396	0.94106310956667	0.3144726316818538	2.9925119541681653	0.0027669183065578387	0.048968379567471215	ENSG00000284431
5591.349598533714	0.45379460407746774	0.1520934987241895	2.9836555006232794	0.0028482726370341197	0.048968379567471215	ENSG00000100413
6276.1211117723915	0.559939166611926	0.19108252010498755	2.930352636673807	0.0033857753971622967	0.056053392686353586	ENSG00000133477
2255.6643470747185	0.5916990271639965	0.21136684443905676	2.7993937683760075	0.005119866004385191	0.08173500371286357	ENSG00000187792
2228.2910652040546	-0.6637818711463248	0.25326863827284024	-2.6208608996082985	0.008770804061570913	0.13519135915593788	ENSG00000100060
7854.369135491685	-0.40843894480324017	0.15742968981311312	-2.594421327311916	0.009475029546275198	0.14117794023950045	ENSG00000184708
1333.1074219689758	0.9309374617401308	0.36781842242332674	2.5309701879714535	0.011374751602893123	0.16401657956429763	ENSG00000100234
1192.9716268283348	-0.7814882417003903	0.31169219823264627	-2.5072435118093317	0.012167685330396128	0.1699673544589709	ENSG00000128185
2053.784133803237	0.749883375936243	0.3019147266111712	2.4837588558639605	0.013000381006395115	0.17609606999571564	ENSG00000275793
3161.302034795742	0.5289103420878951	0.22342390848456467	2.367295181949765	0.017918634996611994	0.2355773483378106	ENSG00000167074
1999.0943118752855	0.5359744589438086	0.23053079712460256	2.3249581645011745	0.020074197322092188	0.2563761772278631	ENSG00000184459
2996.214762162591	-0.4229077895552576	0.18955538349286	-2.231051325277645	0.025677729426365065	0.31883180704403286	ENSG00000100084
3312.1393479775884	-0.5828426606647744	0.2663615842694675	-2.1881633654616484	0.028657704587150258	0.33978093024886263	ENSG00000215568
2982.198881212689	0.4602929318491428	0.21094035134824332	2.182099958149975	0.029102156303241235	0.33978093024886263	ENSG00000284874
2899.351150356257	-0.5215640970304996	0.23982194476651436	-2.1747972127333197	0.029645316061981303	0.33978093024886263	ENSG00000100351
605.6366339924037	0.8157512301231579	0.379686975773734	2.1484835724501825	0.03167536003100418	0.3539721483464717	ENSG00000189060
1821.5597631851904	-0.5732865209888894	0.27439844481945397	-2.0892484334818113	0.03668536562657763	0.3800772112041518	ENSG00000235568
2610.2633760437634	0.46862132084513197	0.22516910705401735	2.081197225393407	0.037415857421089556	0.3800772112041518	ENSG00000254413
1684.9568281996758	0.5759186867786813	0.2771768155280589	2.077802523567778	0.03772755131228413	0.3800772112041518	ENSG00000100319
3789.2534305691106	-0.3942836234293439	0.18981170538712347	-2.0772355562856215	0.03777982366537838	0.3800772112041518	ENSG00000100403
4010.7209977166103	0.4752764494564263	0.2293773981542972	2.072028252481607	0.038262806497062256	0.3800772112041518	ENSG00000187905
10821.225200845587	0.2712122329646522	0.13631301412505548	1.9896283176295866	0.04663189435916761	0.4492866476565357	ENSG00000070371
13307.550123548315	0.2526638310722774	0.12734184806457913	1.984138246086577	0.04724043051422187	0.4492866476565357	ENSG00000100330
4201.475697342103	-0.9495969849710022	0.48393383637473514	-1.9622454839790948	0.04973391081628269	0.4631470444766326	ENSG00000100147
5328.920891534479	0.3035191217381372	0.15660239907978177	1.9381511619340397	0.052604783102455185	0.47988444993464224	ENSG00000100360
6900.420009924566	-0.3365221805576237	0.17766014338033698	-1.8941906392431134	0.058199710158689986	0.5203054088186885	ENSG00000025708
5140.592510419009	-0.28462452069971744	0.1512651815354939	-1.8816261469459923	0.05988679353900753	0.5210545203614403	ENSG00000185666
10670.284698506435	-0.25982751536618864	0.13847906443231597	-1.8762945607072887	0.06061484353197962	0.5210545203614403	ENSG00000128191
2921.632742359805	-0.3592955164473941	0.19337734549796193	-1.858002112513127	0.06316871431518753	0.5223007116338838	ENSG00000183864
4698.807505171655	0.32469316117193164	0.1753933858464609	1.8512280814064879	0.06413674749009882	0.5223007116338838	ENSG00000167065
2306.5635423173217	0.4484371353041295	0.24285254991559924	1.8465407732386543	0.06481372482505497	0.5223007116338838	ENSG00000242259
5114.852765722757	-0.3352824927416119	0.1826557566173157	-1.8355977328656898	0.06641717271927322	0.5223007116338838	ENSG00000128309
4472.920332104814	-0.33127609522205254	0.18059593489900513	-1.8343496790628895	0.06660210416807914	0.5223007116338838	ENSG00000275004
5003.171917371212	0.324329139133307	0.17990721551444136	1.8027578171664425	0.07142625761351981	0.5504747785041958	ENSG00000099957
3181.4653091358123	-0.3214222409110538	0.18120982533678323	-1.7737572469576752	0.07610331268555356	0.5765793350922448	ENSG00000161179
233.06473330605849	-0.9776119063947782	0.5679350973792608	-1.7213444122505774	0.08518834485229143	0.6346531691495712	ENSG00000286175
1165.7907279836384	-0.47854142374286024	0.2803329785190068	-1.7070464783379553	0.08781341387933148	0.6399714565488763	ENSG00000244509
5236.533929088261	0.25563958490412775	0.15020434522638682	1.7019453366600663	0.08876561589715957	0.6399714565488763	ENSG00000128272
5590.2967332779635	0.3703875992007057	0.2198893409010248	1.684427256378117	0.09209912691210075	0.6534652338049053	ENSG00000196236
5054.670452063236	0.2683533848685752	0.16008589772238854	1.6763087110517236	0.09367773952207104	0.6542804619744649	ENSG00000100376
1465.585094084071	-0.6508444005099444	0.39017019819295473	-1.6681038262898693	0.09529511775410157	0.6553371944012831	ENSG00000100101
4962.31070544206	-0.25377262452608923	0.15396100046962696	-1.6482916047051335	0.0992928466705634	0.6724833706324521	ENSG00000100105
7825.902884104901	0.226281750116082	0.13806199546388462	1.638986524537628	0.1012160661696533	0.6752773369826124	ENSG00000198911
9880.283596363784	0.22439255565397975	0.1378902357636736	1.6273273768170227	0.10366758646655427	0.6814619286845552	ENSG00000100083
853.5140588130544	-0.5804120552250657	0.36443233231463684	-1.592646984801448	0.11123940689790066	0.7140108217128917	ENSG00000063515
5247.505465802327	0.26990647673947465	0.1714986518154326	1.5738110701298622	0.11553113402041605	0.7140108217128917	ENSG00000196419
3155.622814386344	-0.32530640212510464	0.20688659472904655	-1.5723899489531892	0.1158601438294386	0.7140108217128917	ENSG00000128165
15109.379671445597	0.18813003498567593	0.11978093284583397	1.5706175475174484	0.11627151153437418	0.7140108217128917	ENSG00000198089
1208.3295496228293	-0.39385766250231036	0.2509957031137547	-1.5691808967893315	0.11660579414998007	0.7140108217128917	ENSG00000276950
319.6157330118036	-0.73302951631406	0.47479881900141707	-1.5438739250778806	0.12261887802800818	0.7321696293862268	ENSG00000203618
2762.216415910785	-0.33261767721650837	0.2155750592479268	-1.5429320923158099	0.12284725325272261	0.7321696293862268	ENSG00000244486
2116.492531571442	-0.3956984248970572	0.25821011954144757	-1.532466758466994	0.12540729449766963	0.7327926762787467	ENSG00000100027
642.5998538751248	0.5501110174973474	0.3597526240334483	1.5291369144987816	0.12623050575718903	0.7327926762787467	ENSG00000133433
834.1841236634278	-0.5256948938053991	0.34691657396902853	-1.515335193677807	0.129687540051643	0.7384104853256238	ENSG00000128322
2127.936912934969	0.310247276387218	0.20517304130124106	1.512124957643455	0.13050207682488654	0.7384104853256238	ENSG00000128394
2443.2139059529513	0.31482843808380034	0.21170067467817077	1.4871395122495727	0.13697796768221068	0.7653643944243522	ENSG00000100324
4632.5534891958905	0.28507948749733153	0.19264625319703288	1.4798081082104446	0.13892446421742327	0.7665490486571236	ENSG00000099904
679.9760948099247	0.4928318028275274	0.3354574555803702	1.4691335507058148	0.14179656922979286	0.7665490486571236	ENSG00000172404
1706.6173220752275	0.5205909557948413	0.3548308729855903	1.4671523687173142	0.14233461082447707	0.7665490486571236	ENSG00000274600
21330.19179787764	0.17002433620608123	0.11727208937438545	1.449827807393171	0.1471065430395021	0.7828169611744933	ENSG00000239900
2938.3404908597417	0.30898921945803476	0.21504844781507748	1.4368353856882425	0.1507647731674544	0.7928453365394367	ENSG00000189306
8525.03751322711	0.21002592912429283	0.1469665748853304	1.4290727622125237	0.15298332123186398	0.7951574952400372	ENSG00000100364
1901.8216794928344	0.37513508784075444	0.2677173495058214	1.4012356260556709	0.16114362410106373	0.7996735671520437	ENSG00000243811
2860.1392748271983	0.27520020886999097	0.19653826363691657	1.4002373063516729	0.16144226771418857	0.7996735671520437	ENSG00000131100
6543.888492464336	-0.20677421525497683	0.1484066351342179	-1.393294949838137	0.16353061717204062	0.7996735671520437	ENSG00000213923
450.9681675887091	-0.5809701775399996	0.417121750955648	-1.3928071988789033	0.16367810091536342	0.7996735671520437	ENSG00000184076
6847.290259039844	-0.2041110048541536	0.1468185048674177	-1.3902266954596292	0.16446004949437698	0.7996735671520437	ENSG00000073146
16039.977685125345	0.25315780263340926	0.18215258885972777	1.3898117189449404	0.1645860585637316	0.7996735671520437	ENSG00000099954
4953.78826800616	-0.24587397895598312	0.17964574784817447	-1.3686601653593309	0.17110552757615968	0.8224104389950901	ENSG00000187860
7663.38163451819	-0.22834757364759387	0.1679259815419614	-1.3598108616118723	0.17388978435600777	0.826901421352505	ENSG00000100003
11191.199492465941	-0.17688877791875504	0.13234289082204362	-1.3365944843732525	0.1813550404093624	0.8398669624456094	ENSG00000100242
1198.4246761820566	-0.3784876377566098	0.28446486396160847	-1.3305250865980085	0.18334532647145796	0.8398669624456094	ENSG00000100246
6739.332957572632	-0.1996680674068521	0.15017609643097302	-1.3295595780692542	0.18366342377109002	0.8398669624456094	ENSG00000167077
6527.513607683013	-0.23785530741734312	0.17950097153723876	-1.3250920336550844	0.18514062803879697	0.8398669624456094	ENSG00000100426
3161.015265599565	0.2735107014595361	0.20681765860518142	1.3224726713576855	0.18601080376312154	0.8398669624456094	ENSG00000100368
2554.0794349115326	-0.34396510412342785	0.26295785974957225	-1.3080616964672696	0.1908523839016775	0.8511282615393332	ENSG00000100344
9869.012456844477	0.17611184444456449	0.13507924966994145	1.303766824844555	0.192313097126337	0.8511282615393332	ENSG00000100031
2173.2384175651587	-0.2956670362912578	0.2305875337829914	-1.2822333950174143	0.19976078467660732	0.8704435732229355	ENSG00000166862
787.5906275573323	-0.48780186310957846	0.3811179555067343	-1.2799235933688753	0.20057200904242137	0.8704435732229355	ENSG00000100191
2317.642512714882	0.2734110303340806	0.21533709459270858	1.2696884893483578	0.20419561458608468	0.8776484588459602	ENSG00000187051
3722.5532604916325	0.2141348399784141	0.17045410468725966	1.2562609763566421	0.20902136544150868	0.8845431772477464	ENSG00000184436
45547.959444639724	-0.16231808958651903	0.13074155023091819	-1.2415187773116485	0.2144141659141467	0.8845431772477464	ENSG00000100023
6702.386395422287	-0.19070601100156237	0.15442295920632648	-1.2349589204980695	0.21684579309616892	0.8845431772477464	ENSG00000186951
969.009018146713	0.3879506728511289	0.31730025077068574	1.2226610975214844	0.2214577261872686	0.8845431772477464	ENSG00000100216
4522.466545302093	0.23281362982502585	0.19089205193405775	1.2196088180007074	0.22261320202611168	0.8845431772477464	ENSG00000170638
2529.636001159528	-0.32362211281966213	0.26574134917706566	-1.2178086467229834	0.22329669769491817	0.8845431772477464	ENSG00000100077
1972.3636462249317	0.280389125837172	0.23077925997029788	1.2149667429961388	0.22437877589407845	0.8845431772477464	ENSG00000100156
1160.3572961843743	-0.3942787290329261	0.3249368218424487	-1.2134011984154232	0.2249764683630697	0.8845431772477464	ENSG00000198062
4662.116808255302	-0.22725996411061178	0.18844972332239157	-1.2059448011065812	0.22783877466904992	0.8845431772477464	ENSG00000184571
1435.287379797945	0.3023733483530477	0.25117549613751117	1.2038329892956883	0.22865413622563413	0.8845431772477464	ENSG00000099937
745.2568874902697	0.42036694393996815	0.35134114514334497	1.1964637496939365	0.23151563666222466	0.8845431772477464	ENSG00000234965
2062.2167750352546	0.44184729335314477	0.3693969900897331	1.1961312766674472	0.23164533399321574	0.8845431772477464	ENSG00000183246
2431.071687839854	-0.29254600407242004	0.24583376679114297	-1.1900155454273422	0.23404028211245922	0.8845431772477464	ENSG00000183307
8045.445192827232	0.2099113146116749	0.1764176253991473	1.189854551872284	0.23410356407086827	0.8845431772477464	ENSG00000167037
1651.0889978712505	-0.2998428932850888	0.2535737894575355	-1.1824680063603408	0.2370200529490503	0.8845431772477464	ENSG00000100294
2528.100235934811	0.25846530835018355	0.218786942827603	1.1813561861131987	0.2374612556369789	0.8845431772477464	ENSG00000100292
1919.0641804957838	0.29511442183747194	0.251567432500139	1.1731026504685134	0.24075464376979547	0.8852842282606475	ENSG00000099960
218.61301398900582	-0.7125118548814829	0.6091073050816204	-1.1697640940064022	0.24209591690530957	0.8852842282606475	ENSG00000286102
8170.706481909001	0.21893542813345312	0.18776115715675426	1.166031523499148	0.2436017003938694	0.8852842282606475	ENSG00000100425
1326.1718305140464	0.37375199721417995	0.32415545186067923	1.1530023483140956	0.24890942063262156	0.8972783146998535	ENSG00000241360
7806.528087304114	0.1555972431020947	0.13629282638819257	1.1416392720400326	0.25360399289661967	0.9027101227488029	ENSG00000100280
2740.1782128082045	-0.2522863773816102	0.2213825508374674	-1.1395946809142672	0.2544552023855686	0.9027101227488029	ENSG00000100427
9474.947699392475	0.15300797590776458	0.1356014647671171	1.1283652147160914	0.259165712103795	0.9055713733518519	ENSG00000100033
4327.304845586505	0.1884903640309319	0.16709913591663114	1.1280151928791136	0.25931350288375177	0.9055713733518519	ENSG00000130638
13746.278455620492	-0.1590486372599496	0.14257885485731675	-1.1155134989624844	0.2646304370587317	0.9169752353895586	ENSG00000182944
9967.017595069494	-0.19544952785018044	0.1771974955595469	-1.1030038953597963	0.2700254735301236	0.9284722051381944	ENSG00000184949
1151.259258042864	-0.3399586112356696	0.31118899365468045	-1.0924506270067964	0.274635080683196	0.937113595918997	ENSG00000291240
3296.262345008492	0.22480795831123646	0.20820740909076418	1.0797308284703526	0.2802620615660016	0.9407421602226882	ENSG00000184058
12709.317552354973	-0.13653454671416113	0.12680148560775079	-1.076758257679399	0.2815882781628711	0.9407421602226882	ENSG00000185339
1261.0027725933012	-0.3001293271938157	0.2789798359982566	-1.0758101069200259	0.2820121912076962	0.9407421602226882	ENSG00000100387
1314.0129672867347	-0.3869653711464722	0.3632186526732235	-1.0653785765088801	0.28670464751254715	0.9493109439859894	ENSG00000159958
2223.739050471594	-0.23363022374603812	0.2249290099690608	-1.0386842665522522	0.2989516007818305	0.9825835702167516	ENSG00000100271
982.0734036020716	0.3385396439190662	0.32846553960422153	1.030670201589437	0.30269550308920623	0.9876269334370452	ENSG00000198355
767.2063407621409	0.3494505251297023	0.34803873631615745	1.0040564128823362	0.3153514230276	0.9937480642414775	ENSG00000100078
593.5804493664647	-0.3596978427208097	0.3626453073956978	-0.9918723209296295	0.32125981285779387	0.9937480642414775	ENSG00000099984
2437.6770485647835	0.25884848979724456	0.26193699632503953	0.9882089717331781	0.3230503151766749	0.9937480642414775	ENSG00000075218
4509.698381930871	0.21708882635454899	0.22222274874381248	0.9768974039863845	0.32861994713445497	0.9937480642414775	ENSG00000185838
3429.9374866074936	-0.18930451665448433	0.19408969128138082	-0.9753455498058411	0.3293888831907489	0.9937480642414775	ENSG00000239713
14696.49872107938	0.13891082801999802	0.14284676969092674	0.9724464075775405	0.3308285142192524	0.9937480642414775	ENSG00000197077
7108.332001266724	-0.12861978514527656	0.13271381826395118	-0.9691514178988347	0.3324696464567952	0.9937480642414775	ENSG00000188130
4000.369147911789	-0.1797805119447117	0.18608356566470438	-0.9661278324204629	0.3339802190393177	0.9937480642414775	ENSG00000180957
1064.5143095146375	-0.27424369000410953	0.2842917896104258	-0.9646556813333038	0.3347173001592218	0.9937480642414775	ENSG00000128408
8462.930169708592	0.13053566085527157	0.13557967987016786	0.9627966446024472	0.3356495849377979	0.9937480642414775	ENSG00000183773
6593.132872562333	-0.14720796487332996	0.1533487931322203	-0.9599551575629578	0.3370777841104973	0.9937480642414775	ENSG00000100401
303.2659878412008	-0.5179573534252504	0.5410014341830683	-0.9574047695592243	0.3383629920104106	0.9937480642414775	ENSG00000249222
2565.632743943094	0.25823351625920554	0.2725678224749265	0.9474101304931561	0.3434298309559424	0.9937480642414775	ENSG00000077935
639.83002365065	0.32582013021464573	0.34671756479865756	0.9397277879586309	0.34735720769037026	0.9937480642414775	ENSG00000284554
1475.7351981781505	-0.24770004976298438	0.2637271199753364	-0.939228585160863	0.3476133956612186	0.9937480642414775	ENSG00000128266
8764.39259738606	0.1478464623096469	0.15756837680407917	0.9383003449574117	0.34809008253292517	0.9937480642414775	ENSG00000185252
10790.733764158214	-0.13628991650558125	0.14526981332427738	-0.9381847018784912	0.3481494987778615	0.9937480642414775	ENSG00000079974
1252.7688267657238	-0.30708837534581	0.3311603215095005	-0.9273102947419385	0.3537654507707078	0.9937480642414775	ENSG00000284130
6128.361532752858	-0.1397583057899139	0.15303958180126814	-0.9132167256664303	0.3611285689995616	0.9937480642414775	ENSG00000100167
4967.604732911157	0.1330290687974061	0.14763732424179674	0.9010531007696564	0.367560087134994	0.9937480642414775	ENSG00000099953
4446.630612520151	0.18166080647190172	0.20171635645226546	0.9005754895978912	0.3678140714216721	0.9937480642414775	ENSG00000100417
1427.115253727722	-0.22155419665567483	0.24638883994505814	-0.8992054863567638	0.3685432185778112	0.9937480642414775	ENSG00000100348
9872.738200936967	0.15834104490584197	0.176528618855753	0.8969709610384894	0.36973441261694273	0.9937480642414775	ENSG00000196576
2187.2452662404817	-0.22062345990228802	0.24640520721113182	-0.8953684964670703	0.3705901355223969	0.9937480642414775	ENSG00000179750
1624.989275255441	-0.19679715984847482	0.21996832815387368	-0.8946613428402747	0.37096814933121314	0.9937480642414775	ENSG00000100300
16114.100219880493	-0.1352252016026045	0.1514667099432302	-0.8927717625429838	0.3719794109902139	0.9937480642414775	ENSG00000251322
5126.339257828385	0.13065363612138312	0.1464865292128051	0.891915705993545	0.37243811557993217	0.9937480642414775	ENSG00000100288
1552.9446776477282	0.23261823339222262	0.261975213619737	0.887939855752435	0.37457310438923475	0.9937480642414775	ENSG00000176635
9397.060836709743	-0.11650861332000446	0.1314895333016427	-0.8860675857197595	0.37558110868548084	0.9937480642414775	ENSG00000100296
1858.6397316837827	0.22882370761296944	0.2588348763747631	0.8840528402426691	0.3766676892774507	0.9937480642414775	ENSG00000099940
5059.629468499353	-0.1702922341743123	0.19379877096100928	-0.8787064713045766	0.3795604489777454	0.9937480642414775	ENSG00000070413
4016.91952580465	0.1825183394679677	0.2081714348258207	0.8767693781842968	0.38061191472126327	0.9937480642414775	ENSG00000183066
1371.2078579816296	0.29911146610668093	0.3441904258656493	0.8690290130947326	0.3848312618443315	0.9937480642414775	ENSG00000100196
11439.865335683406	0.18600340839863636	0.21658756126800865	0.8587908156390984	0.3904559355796934	0.9937480642414775	ENSG00000100207
5610.423661122487	0.16188470459994922	0.18870968399323318	0.8578505415003193	0.39097499736025443	0.9937480642414775	ENSG00000100146
3535.793493586527	0.15310884151044613	0.1797882005785863	0.8516067295724532	0.39443240327142987	0.9937480642414775	ENSG00000099995
14477.959212940661	-0.15739184732813694	0.18519076342730334	-0.8498903747428047	0.3953860374142554	0.9937480642414775	ENSG00000099956
5692.293667481741	0.13490564367192465	0.15950297769389224	0.8457876186539087	0.3976712337232101	0.9937480642414775	ENSG00000015475
1941.3029513317786	-0.2259128765803285	0.269299234014407	-0.838891641883551	0.40153011844768816	0.9937480642414775	ENSG00000100075
12383.891401517172	0.1291829298692987	0.15456864465895495	0.8357641367324654	0.4032876057834048	0.9937480642414775	ENSG00000215193
15428.4806532802	0.09964645833513401	0.11950475422414673	0.8338284027448322	0.4043776876172852	0.9937480642414775	ENSG00000099968
3119.909953462426	0.15945035990323275	0.19172406376944912	0.83166586795789	0.4055975715755554	0.9937480642414775	ENSG00000128253
1011.3755359421925	0.24134079590414526	0.29126023040660887	0.8286088202540579	0.407325795363374	0.9937480642414775	ENSG00000100097
593.9534710004185	-0.3620153487481452	0.437178487855024	-0.8280721920338309	0.40762961680748455	0.9937480642414775	ENSG00000244752
3598.0098877514447	0.15700316117988405	0.190509198305478	0.8241237828744226	0.4098692279461149	0.9937480642414775	ENSG00000100138
2573.4675643073283	-0.18762410795409748	0.23059886400571933	-0.8136384745999616	0.4158520899661678	0.9937480642414775	ENSG00000184113
3131.8641945138334	-0.23027729569912014	0.2868497591436448	-0.8027801605501957	0.42210181114629625	0.9937480642414775	ENSG00000008735
9134.965385310146	-0.1466289232921185	0.1838048156014719	-0.7977425553965969	0.4250199030580922	0.9937480642414775	ENSG00000241973
4758.63562434994	-0.12699039648569516	0.15958146528150463	-0.7957715907776743	0.42616480700997933	0.9937480642414775	ENSG00000100092
2549.3209125824833	-0.18307480046611718	0.2308294429095577	-0.7931171957896572	0.4277095450526903	0.9937480642414775	ENSG00000100162
501.0528508607777	-0.3887199031466493	0.4901685879876607	-0.7930330761146912	0.427758552145973	0.9937480642414775	ENSG00000128250
2659.851496394536	0.16536250977835074	0.21337905770627547	0.7749706628003702	0.43835699521531496	0.9937480642414775	ENSG00000184979
407.27458477813354	0.32908139898381034	0.43248751693923615	0.7609038089995226	0.4467145233126245	0.9937480642414775	ENSG00000225528
1701.3974198083176	-0.2039319784862244	0.26908630750400125	-0.7578682853760293	0.4485298380077945	0.9937480642414775	ENSG00000100253
1142.7534270876558	0.22494483977669055	0.2987566447994616	0.7529366917602226	0.4514879580238601	0.9937480642414775	ENSG00000185264
534.561450547015	0.3006676453024528	0.4016160395157277	0.7486445154556093	0.45407149388277107	0.9937480642414775	ENSG00000240972
999.7835188224896	-0.22491878844140029	0.30206824789640396	-0.7445959315741701	0.45651602816482145	0.9937480642414775	ENSG00000176177
11298.595231245023	0.08976506276145618	0.12084970557838336	0.7427826351073267	0.45761329034729337	0.9937480642414775	ENSG00000093010
2150.0197808800854	-0.200445617380856	0.27027731413703954	-0.7416294557345773	0.45831187180795563	0.9937480642414775	ENSG00000130943
3902.7701270484517	0.11748426948306406	0.15873921057726237	0.7401086918337767	0.45923404510675986	0.9937480642414775	ENSG00000183569
2425.5782424656945	-0.22212122848760246	0.3007883576782178	-0.7384635170129386	0.46023282912342384	0.9937480642414775	ENSG00000221963
1809.2483344217958	-0.2600602580628021	0.3536285769199822	-0.7354050974269752	0.46209281833979754	0.9937480642414775	ENSG00000258555
68150.18643391837	-0.08071052513230831	0.11021189637949175	-0.7323213535351791	0.4639724489164441	0.9937480642414775	ENSG00000100099
2714.9322661520027	0.1501711334840982	0.20515472081747854	0.7319896558349345	0.46417488148097	0.9937480642414775	ENSG00000273899
575.4454124142894	0.2724517629922494	0.3728647408423439	0.7306986506065171	0.46496323996908623	0.9937480642414775	ENSG00000100410
402.2790028394169	0.3509068920328581	0.48555551736971486	0.7226915964908462	0.4698693795819897	0.9937480642414775	ENSG00000169575
1223.7402838963148	0.18222130534867265	0.2549979781088753	0.7145990203532926	0.47485685026148045	0.9937480642414775	ENSG00000128342
14206.385202347887	-0.1122090374660038	0.15790756567231023	-0.7105995016024754	0.4773324520355685	0.9937480642414775	ENSG00000133454
4765.8807332778815	-0.13212982445166796	0.18612432890274	-0.7099008777123001	0.4777656061123917	0.9937480642414775	ENSG00000070010
5247.345962988104	0.11522769368281847	0.16239996471310622	0.7095302876843496	0.47799546301345197	0.9937480642414775	ENSG00000133466
19942.752885205333	0.10478837829862198	0.1477305621981949	0.709320920054702	0.47812534912519994	0.9937480642414775	ENSG00000100350
30788.762688772993	0.078012884541578	0.10998880944421799	0.7092801980108993	0.47815061423964206	0.9937480642414775	ENSG00000093072
6442.812297070686	0.10765753777845133	0.15216095735934757	0.7075240564122127	0.47924086848912606	0.9937480642414775	ENSG00000184702
8374.311411840426	-0.09197549410804697	0.13008578092264797	-0.707037259996446	0.47954332323804383	0.9937480642414775	ENSG00000241878
1134.9822839551819	0.2811980499246953	0.39879612964255684	0.7051172993497572	0.4807372416694279	0.9937480642414775	ENSG00000285304
8644.995652004727	-0.08759360771579562	0.12483493006505701	-0.7016754659144416	0.48288157663985715	0.9937480642414775	ENSG00000100038
2290.7203535800854	0.17275392180504162	0.24754028468548908	0.6978820519033221	0.48525095966375187	0.9937480642414775	ENSG00000100228
1742.9486192725662	-0.19093514303794787	0.27536162180119717	-0.6933978010043728	0.4880599418859442	0.9937480642414775	ENSG00000100399
2576.133218749321	0.14299464052942007	0.20731473401657602	0.6897466367151059	0.4903535321498889	0.9937480642414775	ENSG00000100263
365.10026555908127	0.32555257929279846	0.4727102313612099	0.6886937444855842	0.4910160135938175	0.9937480642414775	ENSG00000128218
4470.741418254199	0.17006791407239044	0.24918609693065924	0.6824935908030016	0.4949268940888533	0.9937480642414775	ENSG00000075240
8153.843783066134	-0.10493207223636508	0.1550035274021273	-0.6769657052006223	0.49842771384547485	0.9937480642414775	ENSG00000100154
6647.7701009490065	0.09736237561534887	0.14854061797172152	0.6554596106088927	0.512171882564077	0.9937480642414775	ENSG00000183530
19056.574987661774	0.07519488932877524	0.11584146719947484	0.6491189307822935	0.5162615065443878	0.9937480642414775	ENSG00000100243
1987.5707038447185	0.16361291630691197	0.25654333724383205	0.6377593667591757	0.5236303337444812	0.9937480642414775	ENSG00000100197
827.8839666483609	-0.19374676689868528	0.30391483210883813	-0.6375034925222096	0.5237969357533379	0.9937480642414775	ENSG00000185608
4818.170721599851	0.11549085075817285	0.18135259265446604	0.6368304365971729	0.5242352982517777	0.9937480642414775	ENSG00000169184
715.4758637206168	-0.199935880232321	0.3163923395455461	-0.6319238971446063	0.5274366071297047	0.9937480642414775	ENSG00000100373
2717.0878020628584	0.1326373277606192	0.21100983663991327	0.6285836237433984	0.5296216842563007	0.9937480642414775	ENSG00000242247
4808.125368203633	-0.10723573355528333	0.17111323773810566	-0.6266945501867663	0.5308594769067472	0.9937480642414775	ENSG00000178026
354.8233715929126	-0.29990038482788534	0.480832094773958	-0.623711245749663	0.5328172362896622	0.9937480642414775	ENSG00000099974
7440.1756792274045	-0.09164703089125853	0.14928721479492796	-0.6138973857684445	0.5392831378224524	0.9937480642414775	ENSG00000093000
976.8031890482775	0.17358423749196453	0.2858406323052653	0.6072762857121872	0.5436675733413303	0.9937480642414775	ENSG00000172967
588.8348197407732	0.25902529251709316	0.4289201115201377	0.6039010192342822	0.5459094511371136	0.9937480642414775	ENSG00000168135
4108.7832013431835	-0.11004420955013165	0.1828188765885858	-0.6019302361089018	0.5472205766082483	0.9937480642414775	ENSG00000100221
1769.100336106035	-0.12807975087780063	0.2130846249889475	-0.6010745772222843	0.5477903153198618	0.9937480642414775	ENSG00000100298
13661.371165849809	-0.0902635737576743	0.15157045669952593	-0.5955222127265426	0.5514944556798141	0.9937480642414775	ENSG00000184792
7269.866920238493	0.09624812489319301	0.1621056739733465	0.5937369281041833	0.5526880799135527	0.9937480642414775	ENSG00000100395
292.9866644337596	0.283903691612544	0.47878090143783114	0.5929720478823409	0.5531998590235504	0.9937480642414775	ENSG00000217442
2562.0735833696385	-0.11278021612943144	0.19120231429726325	-0.5898475473162498	0.5552928624071217	0.9937480642414775	ENSG00000198125
4704.149909420372	-0.1097576820809716	0.1866051303349316	-0.5881814818487093	0.5564104856901957	0.9937480642414775	ENSG00000186998
1721.6168342481567	0.2387358998344385	0.406387065243662	0.5874593958626536	0.5568952129709355	0.9937480642414775	ENSG00000289517
960.3210692747916	0.23735311152108593	0.4066225115655223	0.5837185713286298	0.5594096705001632	0.9937480642414775	ENSG00000288683
4055.81643220528	0.12058638994052016	0.20739686409793606	0.5814282219984647	0.5609518813035506	0.9937480642414775	ENSG00000100321
1560.6304904273836	-0.14240940222279239	0.24537209331090515	-0.580381412984682	0.5616574366336653	0.9937480642414775	ENSG00000128285
1830.4277645444417	0.1253981203518482	0.21752948665260394	0.5764649302561442	0.5643009676435156	0.9937480642414775	ENSG00000100036
334.10117936419056	0.2614341839251389	0.45479285332058583	0.5748423310004227	0.5653979349355984	0.9937480642414775	ENSG00000100249
2190.7828930669566	0.12416490081870814	0.21849484030879093	0.5682738349483691	0.5698490427430652	0.9937480642414775	ENSG00000248405
441.9859399480578	-0.24867394123626335	0.4425675763753108	-0.5618891995499017	0.574191512764965	0.9937480642414775	ENSG00000189269
11362.778315560205	-0.07114907582363962	0.12682289660932916	-0.5610112820779545	0.5747898461104853	0.9937480642414775	ENSG00000183765
4040.9828803325117	-0.1349878030672583	0.24466337618749226	-0.5517286860449986	0.5811342531364108	0.9937480642414775	ENSG00000188677
4948.711915675188	-0.08153903875943432	0.14849742249816084	-0.5490939666676314	0.5829409654816746	0.9937480642414775	ENSG00000177663
6638.79942283975	-0.08155770506831647	0.14853385292458307	-0.5490849625352866	0.5829471443964211	0.9937480642414775	ENSG00000077942
4225.331367494455	0.12322638285296636	0.22444847906456117	0.5490185692794162	0.582992706449899	0.9937480642414775	ENSG00000100024
2249.8421680545034	0.13201347521458787	0.24100433864242454	0.547763894866867	0.5838540328402444	0.9937480642414775	ENSG00000175329
2713.378933989663	0.10155484685565594	0.1881469456915563	0.5397634624488807	0.5893601676595916	0.9937480642414775	ENSG00000219438
2210.4529620596727	0.11379306512563003	0.21089212249740288	0.539579495801373	0.5894870601849677	0.9937480642414775	ENSG00000040608
5731.537370596468	0.10688382492694365	0.19844370799792826	0.5386102991386328	0.5901557795654546	0.9937480642414775	ENSG00000056487
7567.733048176361	0.09774626276976683	0.18223304372044075	0.5363805639975864	0.5916955612423973	0.9937480642414775	ENSG00000215012
3166.5043175247165	-0.11374234407274701	0.21250464425682028	-0.5352463917696071	0.5924794906044628	0.9937480642414775	ENSG00000128274
6311.219339409063	-0.07795089961876968	0.14564059795330722	-0.5352278191260994	0.5924923318074791	0.9937480642414775	ENSG00000128271
352.69678407377864	0.28092614438269303	0.5369889666728794	0.5231506824493591	0.6008693981492941	0.9937480642414775	ENSG00000274252
6836.815700258591	-0.0759992321457698	0.14690228089432805	-0.5173454876472524	0.6049150057941719	0.9937480642414775	ENSG00000100129
2764.767532113918	-0.09707351642870207	0.18805771251628994	-0.5161900308677495	0.6057216923393338	0.9937480642414775	ENSG00000100030
7256.981732435943	-0.08206213279101367	0.1593181292780152	-0.5150834569982468	0.6064947022742511	0.9937480642414775	ENSG00000100109
8107.664808772325	0.0967134860836519	0.18931485700213746	0.5108605189003205	0.609448728573946	0.9937480642414775	ENSG00000186716
7296.134268802666	-0.06533698104458452	0.12855367830919856	-0.5082466865509315	0.6112803534385571	0.9937480642414775	ENSG00000128242
5374.346133178118	-0.07584659527935572	0.14943733345824559	-0.5075478364350504	0.611770480717778	0.9937480642414775	ENSG00000206140
669.6554020455999	0.1927181357591772	0.37995251527717727	0.5072163704945823	0.6120030098239804	0.9937480642414775	ENSG00000206069
5143.224150655865	-0.07594098024882429	0.14988087698116437	-0.5066755798230874	0.6123824677798826	0.9937480642414775	ENSG00000100316
16025.670132074223	0.060276672580599364	0.11942901073653749	0.5047071244152794	0.6137645563804043	0.9937480642414775	ENSG00000186575
23692.15194648141	-0.06569001203553307	0.13088672154804168	-0.5018844635926013	0.6157487945871988	0.9937480642414775	ENSG00000100385
6097.499683802251	-0.07686123743943803	0.15378543174113682	-0.4997953094075688	0.6172192137472972	0.9937480642414775	ENSG00000100034
476.3513270230616	-0.21235062119080736	0.42550234942826826	-0.4990586338151482	0.6177380781603845	0.9937480642414775	ENSG00000196431
938.924295411359	-0.1541188267184792	0.3127842010164578	-0.49273213358487344	0.6222018694551792	0.9937480642414775	ENSG00000177096
9869.912935246934	0.06884281875248376	0.1405382765700949	0.48985102445131873	0.6242393214662163	0.9937480642414775	ENSG00000128159
268.3269003540861	-0.2752468931777795	0.5633533742407141	-0.4885865706382897	0.6251344225192437	0.9937480642414775	ENSG00000251357
954.0964698840721	-0.15607190521035058	0.3232988714267059	-0.4827480668942984	0.6292746293494236	0.9937480642414775	ENSG00000205704
4703.263751264569	0.08685599528413827	0.18301206659025684	0.47459163159224327	0.6350780721137661	0.9937480642414775	ENSG00000099958
2847.5667316834406	-0.10176766126051488	0.21611612838369176	-0.4708934128221886	0.6377168522715468	0.9937480642414775	ENSG00000198832
1804.3838482948395	-0.11358517663888551	0.2458493500100944	-0.46201129526769863	0.6440732204176172	0.9937480642414775	ENSG00000100341
2370.2400135129024	0.09092039478896533	0.20192153090132814	0.450275878867989	0.6525115293850157	0.9937480642414775	ENSG00000128346
1672.7740080448627	-0.10868151401422194	0.242872325158904	-0.44748414189683783	0.6545255352947288	0.9937480642414775	ENSG00000100104
2083.2693900748827	0.095400022434912607	0.21320916956809824	0.44744802781309173	0.654551605122447	0.9937480642414775	ENSG00000075234
5360.1356945120815	0.06842323445002284	0.15339605696061517	0.4460560186862605	0.6555567814898984	0.9937480642414775	ENSG00000183785
1523.0151345569277	-0.11932800713498044	0.2702107905687794	-0.4416108138531452	0.6587708573983875	0.9937480642414775	ENSG00000184117
4009.4481868339467	-0.0819746773509603	0.18682552110732534	-0.43877665570041924	0.6608233768937388	0.9937480642414775	ENSG00000069998
3591.6623575539566	-0.09557508727891119	0.2183943715981208	-0.4376261465876237	0.6616573141764799	0.9937480642414775	ENSG00000185022
3397.6398173616326	-0.08630873676794154	0.19957428862295587	-0.4324642085083396	0.6654040600632547	0.9937480642414775	ENSG00000100258
4508.798002073223	0.07007086712217493	0.16495291301064297	0.4247931475914819	0.670987473409948	0.9937480642414775	ENSG00000099998
29256.15788728346	0.051995121975769	0.12283718315109932	0.4232848771190963	0.672087426616566	0.9937480642414775	ENSG00000100412
4664.986446377365	-0.0817029863110698	0.1941737486307551	-0.42077256522681616	0.6739211668277106	0.9937480642414775	ENSG00000185651
5544.263913263758	-0.08571337770997908	0.20409990226703062	-0.4199579556772029	0.6745161684111058	0.9937480642414775	ENSG00000214491
2593.4193254143242	-0.08189760053216649	0.19701827770391434	-0.41568529319520775	0.6776403043005697	0.9937480642414775	ENSG00000130540
309.3703673498874	0.2206328991792121	0.5332795132438811	0.4137284364012528	0.679072999081099	0.9937480642414775	ENSG00000128310
2000.1994520607761	-0.0878331226288536	0.21785360921620572	-0.4031749712334803	0.6868195108031722	0.9937480642414775	ENSG00000100380
4415.864602357891	0.07018413638285971	0.17435542484934413	0.402534859144784	0.6872904391211547	0.9937480642414775	ENSG00000184164
2350.831442320294	0.08046124368640113	0.20098804127861014	0.4003285129529948	0.6889145696580228	0.9937480642414775	ENSG00000128340
3137.7369432392843	-0.06942330742782206	0.17671854191009015	-0.3928467645638614	0.6944326625541688	0.9937480642414775	ENSG00000100211
1114.2467960592237	-0.10657119622506181	0.27499633437783133	-0.38753678832183364	0.6983588553466595	0.9937480642414775	ENSG00000254709
2938.3482272734113	-0.072119044400099	0.1866713418605778	-0.38634234736451245	0.6992431417704689	0.9937480642414775	ENSG00000100304
2896.6567364314383	-0.07701135083672518	0.19946481014733586	-0.38608991119706926	0.6994300813780138	0.9937480642414775	ENSG00000166897
36222.7273094542	-0.0394483069116998	0.10338337698258346	-0.3815730155375509	0.7027781029078453	0.9937480642414775	ENSG00000133424
76692.54514533524	0.039915576899932734	0.10514482828546284	0.3796247285845004	0.7042240018916862	0.9937480642414775	ENSG00000100241
4865.687417853454	-0.0822557968702582	0.21803891304694115	-0.37725282941834115	0.7059857234022064	0.9937480642414775	ENSG00000100297
5551.138882521324	0.0652703652924145	0.1732800193655014	0.3766756578826266	0.7064146548566079	0.9937480642414775	ENSG00000100225
3616.993086374289	0.09696163902970083	0.2576280124286683	0.37636295104573475	0.7066470853852476	0.9937480642414775	ENSG00000221890
878.6447596035975	0.12980884649287713	0.3515611261384433	0.36923549517178117	0.7119522008934764	0.9937480642414775	ENSG00000249590
1308.691201465538	-0.1430151625726664	0.387654402740841	-0.36892438615814316	0.712184086000232	0.9937480642414775	ENSG00000100302
7645.1132987457495	-0.058699687594114404	0.15955119681994193	-0.3679050283800671	0.7129440507043954	0.9937480642414775	ENSG00000100335
1382.6113408847873	0.09843098472306153	0.2680013899239451	0.36727788893555663	0.7134117454398324	0.9937480642414775	ENSG00000169314
1445.9984491571934	-0.09271424154688121	0.2557330642575188	-0.3625430360992334	0.716946269525232	0.9937480642414775	ENSG00000185721
15723.985052605032	0.04069732467730072	0.11272137612624367	0.3610435400621907	0.7180668988791541	0.9937480642414775	ENSG00000100345
4562.820527873846	-0.0657318683399879	0.1823947150147185	-0.36038252717291513	0.7185610913332596	0.9937480642414775	ENSG00000100299
2946.9100366510866	-0.07829910450866655	0.2181297401828739	-0.3589565753070753	0.7196275751101804	0.9937480642414775	ENSG00000133488
29651.228173867843	-0.04468862681233766	0.12505655482555936	-0.35734733676834096	0.720831796551451	0.9937480642414775	ENSG00000253352
2700.300392178321	0.09329849828253091	0.26439623457948763	0.35287377836873773	0.7241830697036936	0.9937480642414775	ENSG00000099994
4664.320146976807	0.08235076509690162	0.2337658265450173	0.35227888658500295	0.7246291206220667	0.9937480642414775	ENSG00000159873
6782.65607926367	0.057619827417105515	0.16360180589592455	0.3521955463851079	0.7246916167213485	0.9937480642414775	ENSG00000054611
6639.767286832652	-0.056316966075233614	0.16102454191735674	-0.3497415077518891	0.7265326998640942	0.9937480642414775	ENSG00000099889
34.18899308057881	0.7871069862839511	2.2572150880897612	0.34870712606748744	0.7273091938653968	0.9937480642414775	ENSG00000285025
1721.982329272616	0.07443839243152119	0.21464391293738394	0.34679945689042857	0.7287419851785499	0.9937480642414775	ENSG00000100028
15950.927804334866	0.06004193108716889	0.1741570059614165	0.3447574833737716	0.7302766989100818	0.9937480642414775	ENSG00000075275
17260.492634513834	0.04131523654634258	0.12147062589026197	0.3401253286013959	0.7337621481873147	0.9937480642414775	ENSG00000100320
5492.992075282545	0.05282624411140655	0.15760924729245374	0.33517223778998306	0.7374951630425144	0.9937480642414775	ENSG00000093009
466.073880507031	0.16059797807995516	0.4825681259671206	0.3327985613598055	0.7392863442681424	0.9937480642414775	ENSG00000285404
2659.0424707782363	-0.07677306102160698	0.23294828836125983	-0.3295712604788327	0.7417239411894667	0.9937480642414775	ENSG00000073150
10011.097637464165	-0.04427340863608501	0.134731765544096	-0.3286040857350369	0.7424549594579798	0.9937480642414775	ENSG00000185133
1465.511997925654	-0.10081289247089284	0.3093959148847367	-0.32583782661917166	0.7445470576736921	0.9937480642414775	ENSG00000128203
3344.917159298865	0.06889666632702882	0.22597807621749016	0.30488208183841675	0.7604559630954408	0.9937480642414775	ENSG00000100056
1869.0502445889006	0.07151073585762294	0.2348646618603934	0.3044763537059051	0.7607650051106514	0.9937480642414775	ENSG00000128268
1075.2330653737138	0.08464092572604878	0.27957405646997363	0.30274957123977364	0.7620807170919548	0.9937480642414775	ENSG00000100362
5044.876568901544	-0.05342452309048252	0.17760306394763073	-0.3008085666035336	0.7635604755851986	0.9937480642414775	ENSG00000099999
1189.824653707392	0.07925000575608285	0.2658657840927863	0.29808275640473114	0.7656400020736598	0.9937480642414775	ENSG00000100312
10653.448443127316	0.04160612322497653	0.146187305056763	0.2846083195036759	0.775944236712725	0.9937480642414775	ENSG00000100139
14269.194648410623	-0.03255022213159652	0.11809844344595118	-0.27561940006849817	0.7828404075232045	0.9937480642414775	ENSG00000100393
1043.059853347944	-0.08451239865557457	0.3092627817845301	-0.27327051178908474	0.7846452811229634	0.9937480642414775	ENSG00000099985
18428.287004435333	-0.03792797007129466	0.13891719716110748	-0.27302573652784096	0.7848334320011858	0.9937480642414775	ENSG00000243156
7987.33299609702	0.03529517815349058	0.12930233735794291	0.27296628100220827	0.7848791354518314	0.9937480642414775	ENSG00000099899
5220.539628957922	0.045311922921082326	0.16660771169422445	0.2719677406304182	0.7856468239560294	0.9937480642414775	ENSG00000205560
10532.718414544992	0.036140096300419304	0.13611951595886562	0.2655026800957814	0.7906222455053923	0.9937480642414775	ENSG00000184470
1138.683600819575	-0.09273713894322534	0.35013071322088846	-0.2648643362078318	0.791113972971593	0.9937480642414775	ENSG00000100285
12775.016536035284	0.04057257028145921	0.15378354572565067	0.2638290728049706	0.7919116311713328	0.9937480642414775	ENSG00000183597
4259.6469025258475	0.041558862154564155	0.1597875825307013	0.2600881839274282	0.7947957522278828	0.9937480642414775	ENSG00000138942
5664.0149164976865	0.04635289642325823	0.18176432403930973	0.25501647074171496	0.7987103779074356	0.9937480642414775	ENSG00000182541
1731.6713982596548	0.05579557394257374	0.2226241274114177	0.25062680577950763	0.8021026550222518	0.9937480642414775	ENSG00000100418
2200.08253303219	0.04885038012202287	0.19591641343784602	0.24934296858961502	0.8030954965263597	0.9937480642414775	ENSG00000100116
2915.022150683866	0.04494013129990009	0.18184044231703472	0.24714046406435805	0.8047995189985901	0.9937480642414775	ENSG00000182902
9709.461811770461	0.035320541809653105	0.1493840616393852	0.23644116662805226	0.8130903552302002	0.9937480642414775	ENSG00000100014
4222.9299788101625	-0.04255140546524814	0.18141347746644448	-0.2345548195178539	0.814554280059224	0.9937480642414775	ENSG00000025770
3811.512283152632	-0.037886555242478005	0.16260880516000728	-0.23299202773919644	0.8157675963755688	0.9937480642414775	ENSG00000205702
2804.5984589835152	0.04696788017834849	0.2016661890345958	0.2328991310005425	0.8158397332512014	0.9937480642414775	ENSG00000099977
11453.964523431467	-0.10030344946022395	0.4318368734995156	-0.23227161832519255	0.8163270549727397	0.9937480642414775	ENSG00000100346
4041.2687117134064	-0.04882214668622693	0.2115751809777516	-0.2307555473217857	0.817504717316951	0.9937480642414775	ENSG00000183579
5167.030174893872	-0.03880397247257213	0.169004222319892	-0.22960356812342703	0.8183998339846109	0.9937480642414775	ENSG00000100226
1747.1344027870061	-0.051008545637693865	0.22305153784385184	-0.22868502109769182	0.8191137377435977	0.9937480642414775	ENSG00000138944
2866.2169371488717	0.05941163953467007	0.2616034765743441	0.22710569566068478	0.820341555263078	0.9937480642414775	ENSG00000286070
1670.2865320227852	0.05471015035051837	0.2425124324832439	0.22559730150864948	0.821514639835609	0.9937480642414775	ENSG00000100220
2250.6895133915805	-0.06575994481275367	0.2925647860851259	-0.22477053951947543	0.8221577857169494	0.9937480642414775	ENSG00000100206
3910.389222193292	0.04097958722614732	0.18263256823378696	0.22438269155635798	0.822459537487774	0.9937480642414775	ENSG00000099910
998.0239719841895	0.07723501206371963	0.3481352599319774	0.221853460286702	0.8244279609842209	0.9937480642414775	ENSG00000138892
3320.597172280944	0.044721569755803194	0.20483799477147904	0.21832653559070123	0.8271747007011491	0.9937480642414775	ENSG00000100219
14456.951722072903	0.02796169900204125	0.1287129893033165	0.21724069305972343	0.8280207733591707	0.9937480642414775	ENSG00000099917
479.3993847397854	-0.09528673741914406	0.43929422938118695	-0.21690869364109333	0.8282795023508053	0.9937480642414775	ENSG00000283900
543.6190938656102	-0.09704255000453423	0.4579211487899066	-0.21191978195586064	0.8321696173194693	0.9937480642414775	ENSG00000206203
304.4362861289854	0.12819283361787318	0.6054388239909831	0.21173540337707575	0.83231346634543	0.9937480642414775	ENSG00000277971
1715.1597863141544	0.05606824643012128	0.26630755231132136	0.2105394531379112	0.83324666249231	0.9937480642414775	ENSG00000242114
1385.225847010099	-0.05530927675342195	0.263153620780496	-0.21017866518187492	0.8335282303797336	0.9937480642414775	ENSG00000128283
3739.610637885454	-0.04581475252328082	0.21889224191738	-0.20930276981024032	0.8342118896684001	0.9937480642414775	ENSG00000186732
5881.219854045208	-0.03441131628921862	0.16497942238376456	-0.2085794445877815	0.8347765584759691	0.9937480642414775	ENSG00000138867
5682.577654298242	-0.03829645398021522	0.1867969684180558	-0.2050164641564573	0.8375592617013549	0.9937480642414775	ENSG00000169635
497.407449890641	0.08475913115233243	0.4219425621580451	0.20087836296681677	0.8407936867044872	0.9937480642414775	ENSG00000100122
316.39167692190904	0.10161353519760108	0.5129964857799666	0.19807842356484476	0.8429837058670198	0.9937480642414775	ENSG00000100079
1601.6484520807867	-0.04630852082967171	0.2365550694908458	-0.1957621154741888	0.8447963637541865	0.9937480642414775	ENSG00000100276
1544.621107291823	-0.045339677207375334	0.23190496438161243	-0.19550973101535848	0.8449939204267307	0.9937480642414775	ENSG00000188636
6458.436211755216	-0.03251764682938862	0.17134058997511029	-0.18978367492555195	0.8494786489245859	0.9937480642414775	ENSG00000186976
1645.6241715645206	-0.04564100859410752	0.24615824270945427	-0.1854132857455379	0.8529048885715863	0.9937480642414775	ENSG00000128383
5656.236527717876	0.03155584979704289	0.1728058301574292	0.1826087104138497	0.8551050493474246	0.9937480642414775	ENSG00000187045
2778.833452479698	0.0385544264565598	0.21318925382458523	0.180846012474357	0.8564884457831387	0.9937480642414775	ENSG00000128245
2906.2212370628017	0.11413297121654449	0.6326129770644089	0.18041515959120794	0.8568266539651535	0.9937480642414775	ENSG00000130487
1019.5448300935625	-0.045642038475739756	0.27533644606223107	-0.1657682414678361	0.8683393399247	0.9937480642414775	ENSG00000128276
3139.8776376489886	0.032709341067488185	0.20308874838190838	0.16105934636013547	0.8720466590595766	0.9937480642414775	ENSG00000100307
7609.456832640217	-0.024040185489933707	0.15027424604919115	-0.15997541908853985	0.8729004375418552	0.9937480642414775	ENSG00000198792
22525.40105584573	-0.027814571529042945	0.17699104389848605	-0.15715242374069566	0.8751247226546817	0.9937480642414775	ENSG00000100354
2965.4074151776986	-0.031912592037628404	0.203404128608552	-0.15689254813034634	0.8753295328571917	0.9937480642414775	ENSG00000177989
730.8952784513609	-0.056342343297584314	0.36203176879184223	-0.15562817452625138	0.8763261154668297	0.9937480642414775	ENSG00000183172
718.3616819487745	0.049896594666013386	0.3217907248150688	0.1550591450225567	0.8767746901083703	0.9937480642414775	ENSG00000169548
1259.6859507217573	0.043498944226174285	0.2856627820962576	0.15227375406403756	0.8789710247226196	0.9937480642414775	ENSG00000073169
376.279519049503	-0.07607605151947548	0.5197676026947493	-0.1463655124425938	0.8836328511569275	0.9937480642414775	ENSG00000128313
1654.9643931237251	-0.03566518243499324	0.24676306435897497	-0.14453209408645468	0.8850803150873839	0.9937480642414775	ENSG00000100121
6797.208927720572	0.020298106404339746	0.14469722886445552	0.1402798558316131	0.8884388796557177	0.9937480642414775	ENSG00000185686
618.1224477667147	-0.05808112036939357	0.4160936498601714	-0.13958665408355014	0.8889865858763006	0.9937480642414775	ENSG00000100053
4292.749717996107	0.033626548031918245	0.24598749153359978	0.13670023553748523	0.8912677433484189	0.9937480642414775	ENSG00000183762
3407.177858960829	0.023225250760697213	0.17554016542813602	0.13230733094076605	0.8947412091015291	0.9937480642414775	ENSG00000248751
4951.3501140697	0.020851390193663277	0.17010578378812663	0.12257896074618188	0.9024405156745798	0.9937480642414775	ENSG00000100151
1207.1153875645975	-0.03652224253090152	0.30059385096773333	-0.1215002982041104	0.9032947785215146	0.9937480642414775	ENSG00000172346
5762.66037004984	-0.02222577668124311	0.18322099832053945	-0.12130583767674818	0.9034487963694926	0.9937480642414775	ENSG00000100227
937.3444728843759	-0.0397458050539079	0.33252329782921936	-0.11952788064288039	0.9048571528092538	0.9937480642414775	ENSG00000184983
900.8385414883508	-0.04675162712969682	0.39322022312343763	-0.11889425919739839	0.9053591299981596	0.9937480642414775	ENSG00000286025
6631.446496337919	-0.02230150167460192	0.1884669397432945	-0.11833110732831002	0.9058053104592617	0.9937480642414775	ENSG00000188263
7431.445308740864	0.020265557413378786	0.17151070939070587	0.11815913703215651	0.9059415670025873	0.9937480642414775	ENSG00000138964
2626.2593802613537	-0.029135712030530593	0.2482485308992415	-0.11736509346094025	0.9065707442433875	0.9937480642414775	ENSG00000198951
669.4102133793983	0.04901807717517629	0.4244766896243115	0.11547884341672651	0.9080655887885835	0.9937480642414775	ENSG00000198445
13148.116935989097	-0.015182376371083259	0.1334301504475124	-0.11378520012278312	0.9094080709812111	0.9937480642414775	ENSG00000133460
4588.7712657104985	0.01874915292390071	0.16542409017780027	0.11333991865240935	0.9097610706122292	0.9937480642414775	ENSG00000128298
3673.0430876881655	-0.022036831849831545	0.19544705438499116	-0.11275090289374966	0.910228043845117	0.9937480642414775	ENSG00000188064
868.1386228646844	-0.029719471679849903	0.28601767910792664	-0.1039078135748227	0.9172425063401969	0.9937480642414775	ENSG00000250479
12849.03775146012	0.013363835518078482	0.13377288379653757	0.09989943506341886	0.9204241648627846	0.9937480642414775	ENSG00000196588
8457.963901868836	-0.014771614337649874	0.1486043195453724	-0.09940232143211525	0.9208188396580875	0.9937480642414775	ENSG00000100239
15790.965585722723	0.011503821464845677	0.11941148430695295	0.09633764735119238	0.923252411862394	0.9937480642414775	ENSG00000183963
4089.398244160318	-0.015586086898630887	0.1620655000206936	-0.09617152877472845	0.9233843427257284	0.9937480642414775	ENSG00000100353
2988.6512010372917	-0.01654975303631031	0.1748749721461551	-0.09463763072098469	0.9246026589680397	0.9937480642414775	ENSG00000100365
2766.467555797054	-0.018936997385157705	0.20113683613436273	-0.0941498223254714	0.9249901436223903	0.9937480642414775	ENSG00000099942
11763.24035475689	-0.013302202071559454	0.1434015650417622	-0.09276190303561549	0.9260927174396558	0.9937480642414775	ENSG00000133422
1943.194778312082	0.024853566377964067	0.26922662366220473	0.09231466799192758	0.9264480347610042	0.9937480642414775	ENSG00000100311
6594.873136969255	0.013114397453169783	0.14579833020798358	0.08994888648218324	0.9283278327739147	0.9937480642414775	ENSG00000100029
3286.541700711252	0.016105810086151327	0.1799449576754499	0.0895040922191323	0.9286813015179188	0.9937480642414775	ENSG00000100379
7954.015366192349	0.01519481436432288	0.175369941116646	0.08664434889794577	0.9309542131071585	0.9937480642414775	ENSG00000100201
5603.167758859596	-0.012178655913772849	0.14416773800358254	-0.08447559823315125	0.932678303270024	0.9937480642414775	ENSG00000128294
2630.8580015803923	-0.019290633282332763	0.22858085335001585	-0.0843930407976641	0.9327439401878083	0.9937480642414775	ENSG00000205643
1427.2127210698575	-0.022286626527804606	0.2659315555416576	-0.08380587434390972	0.9332107774024947	0.9937480642414775	ENSG00000205856
6381.964013281127	0.01124054112708269	0.13505791800501518	0.0832275611317012	0.9336705981453013	0.9937480642414775	ENSG00000099992
6930.62882429262	0.012155709956993093	0.14616967466434247	0.08316164064062484	0.9337230133812541	0.9937480642414775	ENSG00000100372
3149.4884569016367	0.014484222583231395	0.18351926813199737	0.07892480572020115	0.9370924326704289	0.9949651244743033	ENSG00000205593
10521.92933160052	-0.010396375594238718	0.15156049159407914	-0.0685955520788563	0.9453115594559182	0.9957096024677813	ENSG00000100106
3448.5307000997923	-0.01420967009493329	0.2103751300431584	-0.06754443879377843	0.9461482857362882	0.9957096024677813	ENSG00000183628
457.3016381431115	-0.029546675350549816	0.4630576576330195	-0.06380776748533122	0.9491232933060838	0.9957096024677813	ENSG00000283809
630.0768064192927	0.024840087675788793	0.4268625658419581	0.058192237182460284	0.953595504076513	0.9957096024677813	ENSG00000234409
4423.396296253398	-0.00947161123322964	0.16356823066690815	-0.0579061789359189	0.9538233613040954	0.9957096024677813	ENSG00000183741
2120.667262528809	0.015840661172832334	0.2788333696882845	0.05681049291388992	0.9546961553026069	0.9957096024677813	ENSG00000100422
1530.3664116671723	0.01156502691992993	0.26077901334773257	0.04434799707025767	0.964627013154903	0.9957096024677813	ENSG00000128311
5920.31205895179	-0.007681942092726963	0.17688233826629718	-0.04342967290019518	0.9653590244556948	0.9957096024677813	ENSG00000185340
6374.888077906457	-0.00622147899050169	0.15061319374009416	-0.04130766260250608	0.9670506244124791	0.9957096024677813	ENSG00000100065
1878.095234509448	0.00943193086756602	0.23160899472675023	0.040723508509217056	0.9675163200584088	0.9957096024677813	ENSG00000278558
229.03307840196845	0.024649489008972156	0.6289058264376552	0.03919424494537691	0.9687355219809746	0.9957096024677813	ENSG00000100290
11522.09563599598	-0.005133431804955016	0.13770888329916803	-0.037277419451603594	0.9702638096438645	0.9957096024677813	ENSG00000100416
6179.84863337086	0.004384762497961998	0.15985974911943884	0.02742880882845583	0.9781177207663253	0.9957096024677813	ENSG00000100266
4319.477482427853	0.004987553346205353	0.19040910113912024	0.026193881050681784	0.9791026964237236	0.9957096024677813	ENSG00000100170
1554.7173307419473	-0.0061512633652522465	0.24785410274980998	-0.02481808167388491	0.9802000684101897	0.9957096024677813	ENSG00000284194
2329.209206745018	-0.006030805216808816	0.24309380594137375	-0.024808551552577395	0.9802076700063292	0.9957096024677813	ENSG00000278195
8014.442581697371	-0.0037364408302596776	0.15738628297693652	-0.023740574842899223	0.9810595410724343	0.9957096024677813	ENSG00000100284
11227.177363547358	-0.00311874075797694	0.13532998262831172	-0.02304545302826695	0.9816140162906923	0.9957096024677813	ENSG00000100429
540.1901212898864	-0.008734926144906879	0.3989235254756738	-0.021896242229613835	0.9825307223240842	0.9957096024677813	ENSG00000128228
1125.3722169211999	-0.005171359757584485	0.27915495388157174	-0.01852505100009214	0.9852199931847762	0.9957096024677813	ENSG00000100218
2984.841260666838	0.0041873722961747895	0.23250819188898955	0.01800956887649808	0.9856312197902339	0.9957096024677813	ENSG00000182858
2471.203041025013	-0.004611380160785834	0.27871422136533824	-0.016545191480348765	0.986799449425564	0.9957096024677813	ENSG00000185386
4829.747816603239	-0.002348822345528707	0.19629243270507862	-0.011965934260225491	0.9904527936325965	0.9958366724888708	ENSG00000100012
7561.103674067618	0.0010713807012691992	0.1476316928349166	0.007257118581355218	0.9942097079530973	0.9958366724888708	ENSG00000100325
20624.26039315256	-7.024006668200365e-4	0.11627142985686445	-0.006041042650672865	0.9951799746550528	0.9958366724888708	ENSG00000184381
4201.029647830201	8.91390409583991e-4	0.17083052344556302	0.0052179809064862	0.9958366724888708	0.9958366724888708	ENSG00000100142
